alins,als,blue,c1,c2,cla,date,des,fe,hgl,hmax,hmin,hol,insuit,jq,max,maxobs,min,minobs,nl,nlyf,r,rainobs,suit,t1,t1t,t2,t3,t3t,time,today,update,w1,wd1,winter,wk,wor,ws1,yl
修坟-安葬-安床-伐木-上梁,移徙-入宅-纳采-嫁娶-斋醮,,,,history,20210101,历史均值,,33%,14,6,200.0,,,,,,,十八,十一月,f,,,,,,,,11:30,,no,,,二九 第 3 天,五,,,元旦
开市-出行-求财-修造-冠笄,祈福-嫁娶-移徙-纳采-求嗣,,,,history,20210102,历史均值,,33%,14,6,200.0,,,,,,,十九,十一月,f,,,,,,,,11:30,,no,,,二九 第 4 天,六,,,
针灸-解除-求医-入宅-分居,祈福-斋醮-纳采-嫁娶-修造,,,,history,20210103,历史均值,,33%,14,6,200.0,,,,,,,二十,十一月,f,,,,,,,,11:30,,no,,,二九 第 5 天,日,,,
入宅-安门-栽种-安葬-置产,嫁娶-纳财-开市-作灶-盖屋,,,,history,20210104,历史均值,,40%,14,6,,,,,,,,廿一,十一月,f,,,,,,,,11:30,,no,,,二九 第 6 天,一,,,
移徙-入宅-安香-安床-斋醮,纳财-藏宝-修造-赴任-开市,,,,history,20210105,历史均值,,43%,14,6,,,小寒,,,,,廿二,十一月,f,,,,,,,,11:30,,no,,,二九 第 7 天,二,,,
盖屋-分居-嫁娶-归宁-出行,栽种-斋醮-求嗣-入宅-安葬,,,,history,20210106,历史均值,,37%,14,6,,,,,,,,廿三,十一月,f,,,,,,,,11:30,,no,,,二九 第 8 天,三,,,
修造-动土-纳畜-栽种-掘渠,祈福-嫁娶-出行-移徙-赴任,,,,history,20210107,历史均值,,37%,14,6,,,,,,,,廿四,十一月,f,,,,,,,,11:30,,no,,,二九 第 9 天,四,,,
词讼-嫁娶-移徙-上梁-安葬,纳采-招赘-纳婿-祈福-开市,,,,history,20210108,历史均值,,37%,13,6,,,,,,,,廿五,十一月,f,,,,,,,,11:30,,no,,,三九 第 1 天,五,,,
盖屋-上梁-开市-立券-纳财,祈福-嫁娶-作灶-招赘-纳婿,,,,history,20210109,历史均值,,23%,13,6,,,,,,,,廿六,十一月,f,,,,,,,,11:30,,no,,,三九 第 2 天,六,,,
上梁-竖柱-安门-盖屋-作灶,解除-求医-词讼-和讼-赴任,,,,history,20210110,历史均值,,43%,13,6,,,,,,,,廿七,十一月,f,,,,,,,,11:30,,no,,,三九 第 3 天,日,,,
开市-立券-经络-纳畜-破土,斋醮-赴任-纳采-嫁娶-求财,,,,history,20210111,历史均值,,50%,13,6,,,,,,,,廿八,十一月,f,,,,,,,,11:30,,no,,,三九 第 4 天,一,,,
开市-立券-纳财-分居-入宅,嫁娶-出行-赴任-作灶-启鑽,,,,history,20210112,历史均值,,50%,13,6,,,,,,,,廿九,十一月,f,,,,,,,,11:30,,no,,,三九 第 5 天,二,,,
安床-伐木-上梁-纳畜-嫁娶,破土-修坟-纳采-祭祀-修造,,,,history,20210113,历史均值,,33%,13,6,,,,,,,,初一,十二月,f,,,,,,,,11:30,,no,,,三九 第 6 天,三,,,
修坟-安葬-移徙-入宅-安香,纳采-嫁娶-祈福-修造-斋醮,,,,history,20210114,历史均值,,33%,13,6,,,,,,,,初二,十二月,f,,,,,,,,11:30,,no,,,三九 第 7 天,四,,,
栽种-纳采-开市-交易-入宅,嫁娶-求嗣-求医-祭祀-祈福,,,,history,20210115,历史均值,,37%,13,6,,,,,,,,初三,十二月,f,,,,,,,,11:30,,no,,,三九 第 8 天,五,,,
嫁娶-归宁-出行-冠笄-盖屋,赴任-斋醮-纳采-开市-安葬,,,,history,20210116,历史均值,,37%,13,6,,,,,,,,初四,十二月,f,,,,,,,,11:30,,no,,,三九 第 9 天,六,,,
安床-破土-行丧-安葬-修造,嫁娶-出行-移徙-纳财-开市,,,,history,20210117,历史均值,,37%,12,6,,,,,,,,初五,十二月,f,,,,,,,,11:30,,no,,,四九 第 1 天,日,,,
修造-动土-盖屋-上梁-开仓,招赘-纳婿-赴任-开市-求嗣,,,,history,20210118,历史均值,,47%,12,6,,,,,,,,初六,十二月,f,,,,,,,,11:30,,no,,,四九 第 2 天,一,,,
斋醮-祈福-祭祀-上梁-竖柱,藏宝-招赘-纳婿-出行-栽种,,,,history,20210119,历史均值,,50%,12,6,,,,,,,,初七,十二月,f,,,,,,,,11:30,,no,,,四九 第 3 天,二,,,
分居-移徙-入宅-安香-栽种,纳采-嫁娶-招赘-纳婿-祈福,,,,history,20210120,历史均值,,47%,12,6,,,大寒,,,,,初八,十二月,f,,,,,,,,11:30,,no,,,四九 第 4 天,三,,,
开市-立券-纳财-分居-词讼,纳采-招赘-纳婿-祈福-盖屋,,,,history,20210121,历史均值,,47%,12,6,,,,,,,,初九,十二月,f,,,,,,,,11:30,,no,,,四九 第 5 天,四,,,
上梁-竖柱-经络-入宅-开仓,祈福-嫁娶-修造-动土-赴任,,,,history,20210122,历史均值,,52%,12,6,,,,,,,,初十,十二月,f,,,,,,,,11:30,,no,,,四九 第 6 天,五,,,
开市-出行-求财-修造-祭祀,修坟-斋醮-求嗣-解除-纳财,,,,history,20210123,历史均值,,50%,12,6,,,,,,,,十一,十二月,f,,,,,,,,11:30,,no,,,四九 第 7 天,六,,,
安床-伐木-上梁-纳畜-解除,破土-启鑽-修坟-安葬-斋醮,,,,history,20210124,历史均值,,40%,12,6,,,,,,,,十二,十二月,f,,,,,,,,11:30,,no,,,四九 第 8 天,日,,,
安床-伐木-上梁-纳畜-破土,启鑽-修坟-安葬-纳采-嫁娶,,,,history,20210125,历史均值,,60%,12,6,,,,,,,,十三,十二月,f,,,,,,,,11:30,,no,,,四九 第 9 天,一,,,
盖屋-修坟-安葬-开仓-启鑽,纳采-嫁娶-祈福-修造-入宅,,,,history,20210126,历史均值,,47%,12,6,,,,,,,,十四,十二月,f,,,,,,,,11:30,,no,,,五九 第 1 天,二,,,
栽种-开市-入宅-修造-安床,祈福-嫁娶-出行-赴任-纳财,,,,history,20210127,历史均值,,47%,12,6,,,,,,,,十五,十二月,f,,,,,,,,11:30,,no,,,五九 第 2 天,三,,,
开池-置产-修造-动土-行舟,纳采-招赘-纳婿-赴任-斋醮,,,,history,20210128,历史均值,,37%,12,6,,,,,,,,十六,十二月,f,,,,,,,,11:30,,no,,,五九 第 3 天,四,,,
移徙-入宅-安香-安门-安床,招赘-纳婿-求财-祭祀-出行,,,,history,20210129,历史均值,,33%,12,6,,,,,,,,十七,十二月,f,,,,,,,,11:30,,no,,,五九 第 4 天,五,,,
修造-动土-开仓-破土-行丧,启鑽-修坟-入宅-赴任-招赘,,,,history,20210130,历史均值,,40%,12,6,,,,,,,,十八,十二月,f,,,,,,,,11:30,,no,,,五九 第 5 天,六,,,
斋醮-祈福-祭祀-上梁-竖柱,启鑽-修坟-藏宝-招赘-纳婿,,,,history,20210131,历史均值,,47%,13,6,,,,,,,,十九,十二月,f,,,,,,,,11:30,,no,,,五九 第 6 天,日,,,
分居-栽种-掘渠-放水-修造,祈福-嫁娶-动土-出行-移徙,,,,history,20210201,历史均值,,52%,13,6,,,,,,,,二十,十二月,f,,,,,,,,11:30,,no,,,五九 第 7 天,一,,,
开市-立券-纳财-分居-词讼,祈福-纳采-盖屋-竖柱-上梁,,,,history,20210202,历史均值,,50%,13,6,,,,,,,,廿一,十二月,f,,,,,,,,11:30,,no,,,五九 第 8 天,二,,,
上梁-竖柱-经络-入宅-开仓,修坟-解除-求医-词讼-和讼,,,,history,20210203,历史均值,,57%,13,6,,,立春,,,,,廿二,十二月,f,,,,,,,,11:30,,no,,,五九 第 9 天,三,,,
开市-出行-求财-修造-祭祀,修坟-斋醮-纳财-赴任-求嗣,,,,history,20210204,历史均值,小年,43%,13,6,,,,,,,,廿三,十二月,f,,,,,,,,11:30,,no,,,六九 第 1 天,四,,,
安床-伐木-上梁-纳畜-经络,破土-启鑽-修坟-安葬-斋醮,,,,history,20210205,历史均值,,50%,13,6,,,,,,,,廿四,十二月,f,,,,,,,,11:30,,no,,,六九 第 2 天,五,,,
安床-伐木-上梁-纳畜-移徙,嫁娶-修造-动土-出行-赴任,,,,history,20210206,历史均值,,60%,13,6,,,,,,,,廿五,十二月,f,,,,,,,,11:30,,no,,,六九 第 3 天,六,,,
修坟-安葬-移徙-入宅-安香,纳采-嫁娶-祈福-修造-斋醮,,,,history,20210207,历史均值,,37%,14,6,,,,,,,,廿六,十二月,f,,,,,,,,11:30,,no,,,六九 第 4 天,日,200.0,,
栽种-盖屋-上梁-开市-入宅,纳采-嫁娶-求嗣-求医-恩赦,,,,history,20210208,历史均值,,43%,14,6,,,,,,,,廿七,十二月,f,,,,,,,,11:30,,no,,,六九 第 5 天,一,,,
嫁娶-归宁-出行-冠笄-盖屋,赴任-斋醮-纳采-开市-求医,,,,history,20210209,历史均值,,47%,14,7,,,,,,,,廿八,十二月,f,,,,,,,,11:30,,no,,,六九 第 6 天,二,,,
安床-破土-行丧-安葬-修造,招赘-纳婿-求财-祭祀-出行,,,,history,20210210,历史均值,,52%,14,7,,,,,,,,廿九,十二月,f,,,,,,,,11:30,,no,,,六九 第 7 天,三,,,
修造-动土-开仓-纳采,祈福-嫁娶-出行-移徙-赴任,,,,history,20210211,历史均值,除夕,47%,14,7,200.0,,,,,,,三十,十二月,y,,,,,,,,11:30,,no,,,六九 第 8 天,四,,,
开池-置产-修造-动土-行舟,祈福-嫁娶-出行-赴任-纳财,,,,history,20210212,历史均值,春节,40%,14,7,200.0,,,,,,,初一,一月,y,,,,,,,,11:30,,no,,,六九 第 9 天,五,,,
开市-立券-纳财-分居-斋醮,嫁娶-作灶-栽种-纳采-求嗣,,,,history,20210213,历史均值,,37%,14,7,200.0,,,,,,,初二,一月,y,,,,,,,,11:30,,no,,,七九 第 1 天,六,,,
上梁-竖柱-祭祀-祈福-栽种,纳财-藏宝-纳采-赴任-嫁娶,,,,history,20210214,历史均值,,60%,15,7,200.0,,,,,,,初三,一月,y,,,,,,,,11:30,,no,,,七九 第 2 天,日,,,情人节
分居-词讼-安床-修造-动土,启鑽-修坟-嫁娶-祈福-纳采,,,,history,20210215,历史均值,,67%,15,7,200.0,,,,,,,初四,一月,y,,,,,,,,11:30,,no,,,七九 第 3 天,一,,,
移徙-入宅-安香-斋醮-祈福,破土-启鑽-修坟-安葬-纳采,,,,history,20210216,历史均值,,67%,15,7,200.0,,,,,,,初五,一月,y,,,,,,,,11:30,,no,,,七九 第 4 天,二,,,
经络-盖屋-上梁-入宅-祈福,嫁娶-赴任-纳财-开市-作灶,,,,history,20210217,历史均值,,57%,15,7,200.0,,,,,,,初六,一月,y,,,,,,,,11:30,,no,,,七九 第 5 天,三,,,
开仓-入殓-移柩-破土-启鑽,祈福-嫁娶-移徙-纳财-入宅,,,,history,20210218,历史均值,,60%,15,7,,,雨水,,,,,初七,一月,f,,,,,,,,11:30,,no,,,七九 第 6 天,四,,,
经络-栽种-斋醮-祈福-纳畜,纳采-嫁娶-入宅-开市-盖屋,,,,history,20210219,历史均值,,70%,15,8,,,,,,,,初八,一月,f,,,,,,,,11:30,,no,,,七九 第 7 天,五,,,
修坟-安葬-安床-伐木-上梁,纳采-招赘-纳婿-入宅-祭祀,,,,history,20210220,历史均值,,52%,15,8,,,,,,,,初九,一月,f,,,,,,,,11:30,,no,,,七九 第 8 天,六,200.0,,
安床-伐木-上梁-纳畜-破土,嫁娶-招赘-纳婿-启鑽-除服,,,,history,20210221,历史均值,,40%,15,8,,,,,,,,初十,一月,f,,,,,,,,11:30,,no,,,七九 第 9 天,日,,,
修造-动土-归宁-出行-置产,祈福-嫁娶-赴任-纳财-开市,,,,history,20210222,历史均值,,50%,16,8,,,,,,,,十一,一月,f,,,,,,,,11:30,,no,,,八九 第 1 天,一,,,
冠笄-盖屋-修造-动土-置产,嫁娶-纳财-开市-安床-作灶,,,,history,20210223,历史均值,,52%,16,8,,,,,,,,十二,一月,f,,,,,,,,11:30,,no,,,八九 第 2 天,二,,,
纳畜-入宅-移徙-分居-出火,破土-启鑽-修坟-安葬-赴任,,,,history,20210224,历史均值,,60%,16,8,,,,,,,,十三,一月,f,,,,,,,,11:30,,no,,,八九 第 3 天,三,,,
移徙-入宅-安香-开市-立券,栽种-纳采-求嗣-解除-竖柱,,,,history,20210225,历史均值,,52%,16,8,,,,,,,,十四,一月,f,,,,,,,,11:30,,no,,,八九 第 4 天,四,,,
上梁-竖柱-祭祀-祈福-栽种,纳财-藏宝-纳采-赴任-嫁娶,,,,history,20210226,历史均值,元宵节,50%,16,8,,,,,,,,十五,一月,f,,,,,,,,11:30,,no,,,八九 第 5 天,五,,,
分居-词讼-安床-修造-动土,祈福-嫁娶-移徙-赴任-纳财,,,,history,20210227,历史均值,,63%,16,8,,,,,,,,十六,一月,f,,,,,,,,11:30,,no,,,八九 第 6 天,六,,,
斋醮-祈福-移徙-上梁-安葬,嫁娶-安床-作灶-破土-启鑽,,,,history,20210228,历史均值,,60%,16,8,,,,,,,,十七,一月,f,,,,,,,,11:30,,no,,,八九 第 7 天,日,,,
经络-入宅-祈福-纳采-嫁娶,破土-启鑽-修坟-解除-求医,,,,history,20210301,历史均值,,57%,16,8,,,,,,,,十八,一月,f,,,,,,,,11:30,,no,,,八九 第 8 天,一,,,
开仓-入殓-移柩-破土-启鑽,修坟-斋醮-祈福-祭祀-求嗣,,,,history,20210302,历史均值,,57%,16,9,,,,,,,,十九,一月,f,,,,,,,,11:30,,no,,,八九 第 9 天,二,,,
栽种-斋醮-祈福-纳畜-安床,纳采-嫁娶-开市-盖屋-修造,,,,history,20210303,历史均值,,60%,16,9,,,,,,,,二十,一月,f,,,,,,,,11:30,,no,,,九九 第 1 天,三,,,
修坟-安葬-安床-伐木-上梁,祈福-嫁娶-修造-动土-赴任,,,,history,20210304,历史均值,,43%,16,9,,,,,,,,廿一,一月,f,,,,,,,,11:30,,no,,,九九 第 2 天,四,,,
安床-伐木-上梁-纳畜-开市,祈福-嫁娶-移徙-纳财-入宅,,,,history,20210305,历史均值,,37%,16,9,,,惊蛰,,,,,廿二,一月,f,,,,,,,,11:30,,no,,,九九 第 3 天,五,,,
移徙-入宅-安香-修造-动土,纳采-祈福-斋醮-安葬-纳财,,,,history,20210306,历史均值,,40%,16,9,,,,,,,,廿三,一月,f,,,,,,,,11:30,,no,,,九九 第 4 天,六,,,
冠笄-盖屋-修造-动土-置产,除服-嫁娶-祭祀-斋醮-移徙,,,,history,20210307,历史均值,,47%,16,9,,,,,,,,廿四,一月,f,,,,,,,,11:30,,no,,,九九 第 5 天,日,,,
嫁娶-移徙-上梁-安葬-置产,赴任-招赘-纳婿-破土-启鑽,,,,history,20210308,历史均值,,57%,16,9,,,,,,,,廿五,一月,f,,,,,,,,11:30,,no,,,九九 第 6 天,一,,,妇女节
开市-立券-纳财-分居-安床,嫁娶-作灶-栽种-纳采-求嗣,,,,history,20210309,历史均值,,52%,17,9,,,,,,,,廿六,一月,f,,,,,,,,11:30,,no,,,九九 第 7 天,二,,,
盖屋-上梁-竖柱-祭祀-祈福,嫁娶-移徙-纳财-入宅-安床,,,,history,20210310,历史均值,,47%,17,9,,,,,,,,廿七,一月,f,,,,,,,,11:30,,no,,,九九 第 8 天,三,,,
分居-词讼-安床-修造-动土,嫁娶-祈福-纳采-开市-盖屋,,,,history,20210311,历史均值,,60%,17,9,,,,,,,,廿八,一月,f,,,,,,,,11:30,,no,,,九九 第 9 天,四,,,
斋醮-祈福-放水-纳畜-开市,修造-安床-纳采-嫁娶-穿井,,,,history,20210312,历史均值,,60%,17,9,,,,,,,,廿九,一月,f,,,,,,,,11:30,,no,,,,五,,,植树节
分居-移徙-上梁-安葬-开市,祈福-嫁娶-作灶-破土-启鑽,,,,history,20210313,历史均值,,70%,17,9,,,,,,,,初一,二月,f,,,,,,,,11:30,,no,,,,六,,,
栽种-上梁-竖柱-安门-盖屋,嫁娶-破土-修坟-求医-破屋,,,,history,20210314,历史均值,,60%,17,9,,,,,,,,初二,二月,f,,,,,,,,11:30,,no,,,,日,,,
移徙-入宅-安香-斋醮-祈福,祭祀-纳采-赴任-嫁娶-求嗣,,,,history,20210315,历史均值,,67%,17,10,,,,,,,,初三,二月,f,,,,,,,,11:30,,no,,,,一,,,
安床-伐木-上梁-纳畜-斋醮,纳采-嫁娶-祭祀-移徙-修造,,,,history,20210316,历史均值,,80%,17,10,,,,,,,,初四,二月,f,,,,,,,,11:30,,no,,,,二,,,
修坟-安葬-安床-伐木-上梁,祈福-嫁娶-移徙-纳财-入宅,,,,history,20210317,历史均值,,70%,17,10,,,,,,,,初五,二月,f,,,,,,,,11:30,,no,,,,三,,,
开市-立券-纳财-分居-出行,纳采-嫁娶-招赘-纳婿-求嗣,,,,history,20210318,历史均值,,73%,17,10,,,,,,,,初六,二月,f,,,,,,,,11:30,,no,,,,四,,,
归宁-出行-盖屋-上梁-针灸,祈福-嫁娶-修造-赴任-纳采,,,,history,20210319,历史均值,,63%,17,10,,,,,,,,初七,二月,f,,,,,,,,11:30,,no,,,,五,,,
祭祀-祈福-修造-动土-置产,斋醮-入宅-求财-赴任-除服,,,,history,20210320,历史均值,,63%,18,10,,,春分,,,,,初八,二月,f,,,,,,,,11:30,,no,,,,六,,,
移徙-入宅-安香-斋醮-祈福,修造-赴任-纳财-求嗣-竖柱,,,,history,20210321,历史均值,,70%,18,10,,,,,,,,初九,二月,f,,,,,,,,11:30,,no,,,,日,,,
祭祀-祈福-修造-动土-置产,嫁娶-安床-作灶-出行-栽种,,,,history,20210322,历史均值,,73%,18,10,,,,,,,,初十,二月,f,,,,,,,,11:30,,no,,,,一,,,
栽种-掘渠-放水-入宅-移徙,破土-启鑽-修坟-安葬-修造,,,,history,20210323,历史均值,,73%,18,11,,,,,,,,十一,二月,f,,,,,,,,11:30,,no,,,,二,,,世界气象日
词讼-上梁-竖柱-安床-修造,祈福-嫁娶-移徙-赴任-破土,,,,history,20210324,历史均值,,63%,18,11,,,,,,,,十二,二月,f,,,,,,,,11:30,,no,,,,三,,,
分居-开市-立券-纳财-出货,祈福-嫁娶-安床-作灶-破土,,,,history,20210325,历史均值,,73%,18,11,,,,,,,,十三,二月,f,,,,,,,,11:30,,no,,,,四,,,
栽种-上梁-竖柱-安门-盖屋,启鑽-修坟-求医-破屋-服药,,,,history,20210326,历史均值,,57%,19,11,,,,,,,,十四,二月,f,,,,,,,,11:30,,no,,,,五,,,
斋醮-祈福-经络-入宅-放水,嫁娶-移徙-纳财-开市-安床,,,,history,20210327,历史均值,,70%,19,11,,,,,,,,十五,二月,f,,,,,,,,11:30,,no,,,,六,,,
安床-伐木-上梁-纳畜-斋醮,嫁娶-招赘-纳婿-祭祀-修造,,,,history,20210328,历史均值,,67%,19,11,,,,,,,,十六,二月,f,,,,,,,,11:30,,no,,,,日,,,
修坟-安葬-安床-伐木-上梁,祈福-嫁娶-赴任-纳采-招赘,,,,history,20210329,历史均值,,73%,19,11,,,,,,,,十七,二月,f,,,,,,,,11:30,,no,,,,一,,,
盖屋-移徙-入宅-安香-开市,纳采-嫁娶-招赘-纳婿-求嗣,,,,history,20210330,历史均值,,52%,19,12,,,,,,,,十八,二月,f,,,,,,,,11:30,,no,,,,二,,,
嫁娶-归宁-出行-针灸-纳畜,破土-启鑽-修坟-安葬-斋醮,,,,history,20210331,历史均值,,40%,19,12,,,,,,,,十九,二月,f,,,,,,,,11:30,,no,,,,三,,,
祭祀-祈福-修造-动土-置产,嫁娶-移徙-纳财-入宅-开市,,,,history,20210401,历史均值,,70%,20,12,,,,,,,,二十,二月,f,,,,,,,,11:30,,no,,,,四,,,愚人节
安床-破土-行丧-安葬-纳畜,修造-入宅-赴任-祈福-斋醮,,,,history,20210402,历史均值,,70%,20,12,,,,,,,,廿一,二月,f,,,,,,,,11:30,,no,,,,五,,,
祭祀-祈福-修造-动土-置产,嫁娶-出行-安床-作灶-栽种,,,,history,20210403,历史均值,,73%,20,12,200.0,,,,,,,廿二,二月,f,,,,,,,,11:30,,no,,,,六,,,
栽种-掘渠-放水-经络-筑堤,破土-启鑽-修坟-安葬-修造,,,,history,20210404,历史均值,,67%,20,12,200.0,,清明,,,,,廿三,二月,f,,,,,,,,11:30,,no,,,,日,,,
词讼-上梁-竖柱-安床-修造,启鑽-修坟-纳财-藏宝-祈福,,,,history,20210405,历史均值,,57%,20,13,200.0,,,,,,,廿四,二月,f,,,,,,,,11:30,,no,,,,一,,,
分居-移徙-上梁-安葬-开市,祈福-嫁娶-安床-作灶-破土,,,,history,20210406,历史均值,,67%,21,13,,,,,,,,廿五,二月,f,,,,,,,,11:30,,no,,,,二,,,
栽种-上梁-竖柱-安门-盖屋,破土-启鑽-修坟-祭祀-赴任,,,,history,20210407,历史均值,,57%,21,13,,,,,,,,廿六,二月,f,,,,,,,,11:30,,no,,,,三,,,
移徙-入宅-安香-斋醮-祈福,嫁娶-修造-动土-出行-赴任,,,,history,20210408,历史均值,,57%,21,13,,,,,,,,廿七,二月,f,,,,,,,,11:30,,no,,,,四,,,
安床-伐木-上梁-纳畜-斋醮,纳采-嫁娶-招赘-纳婿-祭祀,,,,history,20210409,历史均值,,63%,21,13,,,,,,,,廿八,二月,f,,,,,,,,11:30,,no,,,,五,,,
修坟-安葬-安床-伐木-上梁,纳采-嫁娶-招赘-纳婿-祭祀,,,,history,20210410,历史均值,,70%,21,13,,,,,,,,廿九,二月,f,,,,,,,,11:30,,no,,,,六,,,
开市-立券-纳财-分居-出行,祈福-嫁娶-移徙-作灶-纳采,,,,history,20210411,历史均值,,57%,22,14,,,,,,,,三十,二月,f,,,,,,,,11:30,,no,,,,日,,,
嫁娶-移徙-上梁-安葬-开市,启鑽-除服-纳采-求嗣-安床,,,,history,20210412,历史均值,,63%,22,14,,,,,,,,初一,三月,f,,,,,,,,11:30,,no,,,,一,,,
开池-置产-修造-动土-行舟,祈福-嫁娶-赴任-除服-纳采,,,,history,20210413,历史均值,,60%,22,14,,,,,,,,初二,三月,f,,,,,,,,11:30,,no,,,,二,,,
安床-斋醮-祈福-破土-行丧,嫁娶-移徙-纳财-开市-作灶,,,,history,20210414,历史均值,,67%,22,14,,,,,,,,初三,三月,f,,,,,,,,11:30,,no,,,,三,,,
开仓-破土-安葬-移徙-入宅,修造-赴任-盖屋-开市-立券,,,,history,20210415,历史均值,,57%,22,14,,,,,,,,初四,三月,f,,,,,,,,11:30,,no,,,,四,,,
入宅-安门-祭祀-祈福-上梁,启鑽-修坟-安葬-出行-栽种,,,,history,20210416,历史均值,,33%,22,14,,,,,,,,初五,三月,f,,,,,,,,11:30,,no,,,,五,,,
移徙-入宅-安香-栽种-掘渠,破土-启鑽-修坟-安葬-祭祀,,,,history,20210417,历史均值,,50%,23,15,,,,,,,,初六,三月,f,,,,,,,,11:30,,no,,,,六,,,
栽种-词讼-安床-修造-动土,祈福-嫁娶-移徙-破土-启鑽,,,,history,20210418,历史均值,,60%,23,15,,,,,,,,初七,三月,f,,,,,,,,11:30,,no,,,,日,,,
上梁-竖柱-修造-动土-置产,祈福-嫁娶-安床-作灶-启鑽,,,,history,20210419,历史均值,,57%,23,15,,,,,,,,初八,三月,f,,,,,,,,11:30,,no,,,,一,,,
分居-开市-立券-纳财-经络,斋醮-祭祀-求嗣-解除-求医,,,,history,20210420,历史均值,,50%,23,15,,,谷雨,,,,,初九,三月,f,,,,,,,,11:30,,no,,,,二,,,
安床-伐木-上梁-纳畜-修造,纳采-嫁娶-招赘-纳婿-赴任,,,,history,20210421,历史均值,,57%,23,15,,,,,,,,初十,三月,f,,,,,,,,11:30,,no,,,,三,,,
安床-伐木-上梁-纳畜-嫁娶,破土-启鑽-除服-安葬-纳采,,,,history,20210422,历史均值,,63%,23,15,,,,,,,,十一,三月,f,,,,,,,,11:30,,no,,,,四,,,
修坟-安葬-祭祀-祈福-修造,嫁娶-动土-移徙-赴任-求嗣,,,,history,20210423,历史均值,,63%,24,16,,,,,,,,十二,三月,f,,,,,,,,11:30,,no,,,,五,,,
入宅-安门-开市-修造-针灸,祈福-嫁娶-纳财-安床-作灶,,,,history,20210424,历史均值,,63%,24,16,,,,,,,,十三,三月,f,,,,,,,,11:30,,no,,,,六,,,
针灸-开市-立券-经络-纳畜,修坟-赴任-除服-纳采-嫁娶,,,,history,20210425,历史均值,,70%,24,16,,,,,,,,十四,三月,f,,,,,,,,11:30,,no,,,,日,,,
移徙-入宅-安香-安床-斋醮,祭祀-纳财-栽种-盖屋-出行,,,,history,20210426,历史均值,,47%,24,16,,,,,,,,十五,三月,f,,,,,,,,11:30,,no,,,,一,,,
开仓-嫁娶-纳采,修造-入宅-赴任-盖屋-移徙,,,,history,20210427,历史均值,,50%,24,16,,,,,,,,十六,三月,f,,,,,,,,11:30,,no,,,,二,,,
移徙-上梁-安葬-祭祀-祈福,嫁娶-出行-启鑽-修坟-栽种,,,,history,20210428,历史均值,,47%,24,17,,,,,,,,十七,三月,f,,,,,,,,11:30,,no,,,,三,,,
栽种-掘渠-放水-安床-造床,祈福-嫁娶-移徙-纳财-开市,,,,history,20210429,历史均值,,50%,25,17,,,,,,,,十八,三月,f,,,,,,,,11:30,,no,,,,四,,,
栽种-词讼-安床-修造-动土,破土-启鑽-修坟-安葬-盖屋,,,,history,20210430,历史均值,,50%,25,17,,,,,,,,十九,三月,f,,,,,,,,11:30,,no,,,,五,,,
上梁-竖柱-修造-动土-置产,启鑽-修坟-藏宝-纳采-嫁娶,,,,history,20210501,历史均值,,70%,25,17,200.0,,,,,,,二十,三月,f,,,,,,,,11:30,,no,,,,六,,,劳动节
分居-开市-立券-纳财-斋醮,祭祀-求嗣-解除-求医-词讼,,,,history,20210502,历史均值,,57%,25,17,200.0,,,,,,,廿一,三月,f,,,,,,,,11:30,,no,,,,日,,,
安床-伐木-上梁-纳畜-修造,祈福-嫁娶-出行-斋醮-纳采,,,,history,20210503,历史均值,,52%,25,17,200.0,,,,,,,廿二,三月,f,,,,,,,,11:30,,no,,,,一,,,
安床-伐木-上梁-纳畜-归宁,嫁娶-移徙-纳财-作灶-破土,,,,history,20210504,历史均值,,63%,25,18,200.0,,,,,,,廿三,三月,f,,,,,,,,11:30,,no,,,,二,,,青年节
修坟-安葬-移徙-入宅-安香,斋醮-纳财-赴任-求嗣-竖柱,,,,history,20210505,历史均值,,63%,25,18,200.0,,立夏,,,,,廿四,三月,f,,,,,,,,11:30,,no,,,,三,,,
嫁娶-移徙-上梁-安葬-开市,纳采-招赘-纳婿-启鑽-除服,,,,history,20210506,历史均值,,52%,25,18,,,,,,,,廿五,三月,f,,,,,,,,11:30,,no,,,,四,,,
置产-修造-动土-行舟-针灸,赴任-除服-祭祀-祈福-纳采,,,,history,20210507,历史均值,,50%,26,18,,,,,,,,廿六,三月,f,,,,,,,,11:30,,no,,,,五,,,
安床-斋醮-祈福-破土-行丧,嫁娶-出行-移徙-祭祀-纳财,,,,history,20210508,历史均值,,43%,26,18,,,,,,,,廿七,三月,f,,,,,,,,11:30,,no,,,,六,,,
盖屋-上梁-开仓-纳采,祈福-嫁娶-移徙-纳财-入宅,,,,history,20210509,历史均值,,52%,26,18,,,,,,,,廿八,三月,f,,,,,,,,11:30,,no,,,,日,,,
祭祀-祈福-上梁-竖柱-安门,出行-栽种-词讼-求嗣-解除,,,,history,20210510,历史均值,,57%,26,18,,,,,,,,廿九,三月,f,,,,,,,,11:30,,no,,,,一,,,
栽种-掘渠-放水-安床-造床,祭祀-祈福-纳采-赴任-嫁娶,,,,history,20210511,历史均值,,40%,26,19,,,,,,,,三十,三月,f,,,,,,,,11:30,,no,,,,二,,,
移徙-上梁-安葬-竖柱-栽种,祈福-嫁娶-纳财-开市-作灶,,,,history,20210512,历史均值,,37%,26,19,,,,,,,,初一,四月,f,,,,,,,,11:30,,no,,,,三,,,护士节
词讼-安床-修造-动土-入宅,祈福-嫁娶-移徙-赴任-纳财,,,,history,20210513,历史均值,,63%,26,19,,,,,,,,初二,四月,f,,,,,,,,11:30,,no,,,,四,,,
移徙-入宅-安香-修造-动土,解除-求医-词讼-和讼-盖屋,,,,history,20210514,历史均值,,63%,26,19,,,,,,,,初三,四月,f,,,,,,,,11:30,,no,,,,五,,,
斋醮-祈福-祭祀-动土-求医,纳财-藏宝-立券-求财-破屋,,,,history,20210515,历史均值,,63%,26,19,,,,,,,,初四,四月,f,,,,,,,,11:30,,no,,,,六,,,
分居-开仓-纳畜-移徙-入宅,纳采-嫁娶-招赘-纳婿-祭祀,,,,history,20210516,历史均值,,52%,26,19,,,,,,,,初五,四月,f,,,,,,,,11:30,,no,,,,日,,,
归宁-出行-斋醮-祈福-行舟,嫁娶-移徙-纳财-入宅-开市,,,,history,20210517,历史均值,,50%,26,19,,,,,,,,初六,四月,f,,,,,,,,11:30,,no,,,,一,,,
修坟-安葬-安床-伐木-上梁,嫁娶-赴任-纳财-作灶-除服,,,,history,20210518,历史均值,,57%,26,19,,,,,,,,初七,四月,f,,,,,,,,11:30,,no,,,,二,,,
安床-伐木-上梁-纳畜-竖柱,嫁娶-招赘-纳婿-除服-祭祀,,,,history,20210519,历史均值,,57%,27,19,,,,,,,,初八,四月,f,,,,,,,,11:30,,no,,,,三,,,
移徙-入宅-安香-嫁娶-上梁,斋醮-祈福-祭祀-求嗣-求财,,,,history,20210520,历史均值,,57%,27,19,,,,,,,,初九,四月,f,,,,,,,,11:30,,no,,,,四,,,
纳畜-修造-动土-置产-破土,祭祀-嫁娶-移徙-纳财-栽种,,,,history,20210521,历史均值,,47%,27,19,,,小满,,,,,初十,四月,f,,,,,,,,11:30,,no,,,,五,,,
斋醮-祈福-破土-行丧-安葬,嫁娶-移徙-纳财-入宅-开市,,,,history,20210522,历史均值,,63%,27,19,,,,,,,,十一,四月,f,,,,,,,,11:30,,no,,,,六,,,
开市-立券-纳财-分居-栽种,嫁娶-作灶-启鑽-修坟-纳采,,,,history,20210523,历史均值,,57%,27,19,,,,,,,,十二,四月,f,,,,,,,,11:30,,no,,,,日,,,
上梁-竖柱-栽种-掘渠-放水,破土-启鑽-修坟-安葬-纳采,,,,history,20210524,历史均值,,47%,27,20,,,,,,,,十三,四月,f,,,,,,,,11:30,,no,,,,一,,,
词讼-安床-修造-动土-入宅,破土-启鑽-修坟-安葬-嫁娶,,,,history,20210525,历史均值,,40%,27,20,,,,,,,,十四,四月,f,,,,,,,,11:30,,no,,,,二,,,
修造-动土-开市-立券-纳财,纳采-嫁娶-招赘-纳婿-解除,,,,history,20210526,历史均值,,57%,27,20,,,,,,,,十五,四月,f,,,,,,,,11:30,,no,,,,三,,,
祭祀-祈福-动土-求医-赴任,嫁娶-纳财-开市-作灶-藏宝,,,,history,20210527,历史均值,,73%,27,20,,,,,,,,十六,四月,f,,,,,,,,11:30,,no,,,,四,,,
分居-移徙-上梁-安葬-开仓,祈福-嫁娶-修造-动土-出行,,,,history,20210528,历史均值,,63%,27,20,,,,,,,,十七,四月,f,,,,,,,,11:30,,no,,,,五,,,
移徙-入宅-安香-嫁娶-归宁,纳采-开市-盖屋-修造-动土,,,,history,20210529,历史均值,,50%,27,20,,,,,,,,十八,四月,f,,,,,,,,11:30,,no,,,,六,,,
修坟-安葬-安床-伐木-上梁,纳采-嫁娶-祭祀-移徙-求嗣,,,,history,20210530,历史均值,,50%,27,20,,,,,,,,十九,四月,f,,,,,,,,11:30,,no,,,,日,,,
安床-伐木-上梁-纳畜-破土,修坟-嫁娶-招赘-纳婿-祭祀,,,,history,20210531,历史均值,,57%,27,20,,,,,,,,二十,四月,f,,,,,,,,11:30,,no,,,,一,,,
开仓-针灸-纳畜-置产-破土,祈福-嫁娶-纳财-开市-安床,,,,history,20210601,历史均值,,60%,27,20,,,,,,,,廿一,四月,f,,,,,,,,11:30,,no,,,,二,,,儿童节
纳畜-修造-动土-置产-破土,嫁娶-出行-移徙-赴任-纳财,,,,history,20210602,历史均值,,63%,27,20,,,,,,,,廿二,四月,f,,,,,,,,11:30,,no,,,,三,,,
嫁娶-纳采,破土-启鑽-修坟-安葬-赴任,,,,history,20210603,历史均值,,40%,27,20,,,,,,,,廿三,四月,f,,,,,,,,11:30,,no,,,,四,,,
开市-立券-纳财-分居-栽种,启鑽-修坟-斋醮-纳采-求嗣,,,,history,20210604,历史均值,,57%,28,21,,,,,,,,廿四,四月,f,,,,,,,,11:30,,no,,,,五,,,
盖屋-嫁娶-移徙-上梁-安葬,启鑽-修坟-纳采-招赘-纳婿,,,,history,20210605,历史均值,,40%,28,21,,,芒种,,,,,廿五,四月,f,,,,,,,,11:30,,no,,,,六,,,世界环境日
词讼-安床-修造-动土-入宅,祈福-嫁娶-移徙-纳财-开市,,,,history,20210606,历史均值,,52%,28,21,,,,,,,,廿六,四月,f,,,,,,,,11:30,,no,,,,日,,,
移徙-入宅-安香-修造-动土,祈福-嫁娶-赴任-安床-作灶,,,,history,20210607,历史均值,,52%,28,21,,,,,,,,廿七,四月,f,,,,,,,,11:30,,no,,,,一,,,
祭祀-祈福-纳采-开市-交易,纳财-藏宝-招赘-纳婿-斋醮,,,,history,20210608,历史均值,,60%,28,21,,,,,,,,廿八,四月,f,,,,,,,,11:30,,no,,,,二,,,
分居-开仓-纳畜-行舟-伐木,纳采-嫁娶-招赘-纳婿-祭祀,,,,history,20210609,历史均值,,60%,28,21,,,,,,,,廿九,四月,f,,,,,,,,11:30,,no,,,,三,,,
嫁娶-移徙-上梁-安葬-开市,纳财-藏宝-斋醮-赴任-纳采,,,,history,20210610,历史均值,,50%,28,21,,,,,,,,初一,五月,f,,,,,,,,11:30,,no,,,,四,,,
分居-安床-伐木-上梁-纳畜,嫁娶-移徙-纳财-入宅-开市,,,,history,20210611,历史均值,,70%,28,22,,,,,,,,初二,五月,f,,,,,,,,11:30,,no,,,,五,,,
修坟-安葬-开市-立券-纳财,祈福-嫁娶-移徙-作灶-除服,,,,history,20210612,历史均值,,70%,29,22,200.0,,,,,,,初三,五月,f,,,,,,,,11:30,,no,,,,六,,,
开市-出行-求财-修造-经络,纳采-嫁娶-求嗣-安床-求医,,,,history,20210613,历史均值,,63%,29,22,200.0,,,,,,,初四,五月,f,,,,,,,,11:30,,no,,,,日,,,
安床-造床-入殓-移柩-破土,纳采-嫁娶-开市-赴任-恩赦,,,,history,20210614,历史均值,端午节,73%,29,22,200.0,,,,,,,初五,五月,f,,,,,,,,11:30,,no,,,,一,,,
栽种-斋醮-祈福-放水-纳畜,修坟-赴任-盖屋-移徙-入宅,,,,history,20210615,历史均值,,57%,29,22,,,,,,,,初六,五月,f,,,,,,,,11:30,,no,,,,二,,,
移徙-入宅-安香-安床-破土,启鑽-修坟-招赘-纳婿-修造,,,,history,20210616,历史均值,,63%,29,23,,,,,,,,初七,五月,f,,,,,,,,11:30,,no,,,,三,,,
盖屋-上梁-祭祀-祈福-修造,嫁娶-出行-入宅-安床-作灶,,,,history,20210617,历史均值,,80%,30,23,,,,,,,,初八,五月,f,,,,,,,,11:30,,no,,,,四,,,
入宅-安门-修造-动土-嫁娶,破土-启鑽-修坟-纳采-赴任,,,,history,20210618,历史均值,,73%,30,23,,,,,,,,初九,五月,f,,,,,,,,11:30,,no,,,,五,,,
经络-词讼-上梁-竖柱-安床,纳采-嫁娶-招赘-纳婿-斋醮,,,,history,20210619,历史均值,,67%,30,23,,,,,,,,初十,五月,f,,,,,,,,11:30,,no,,,,六,,,
斋醮-祈福-开市-立券-纳财,嫁娶-安床-作灶-祭祀-求嗣,,,,history,20210620,历史均值,,63%,30,23,,,,,,,,十一,五月,f,,,,,,,,11:30,,no,,,,日,,,
纳畜-上梁-竖柱-安门-盖屋,解除-求医-词讼-和讼-求嗣,,,,history,20210621,历史均值,,67%,31,24,,,夏至,,,,,十二,五月,f,,,,,,,,11:30,,no,,,,一,,,
赴任-开市-立券-经络-纳畜,祈福-嫁娶-修造-动土-出行,,,,history,20210622,历史均值,,73%,31,24,,,,,,,,十三,五月,f,,,,,,,,11:30,,no,,,,二,,,
分居-安床-伐木-上梁-纳畜,嫁娶-纳财-开市-作灶-破土,,,,history,20210623,历史均值,,70%,31,24,,,,,,,,十四,五月,f,,,,,,,,11:30,,no,,,,三,,,
修坟-安葬-开市-立券-纳财,除服-纳采-嫁娶-祭祀-斋醮,,,,history,20210624,历史均值,,67%,31,24,,,,,,,,十五,五月,f,,,,,,,,11:30,,no,,,,四,,,
盖屋-移徙-入宅-安香-破土,纳采-嫁娶-求嗣-安床-求医,,,,history,20210625,历史均值,,70%,31,24,,,,,,,,十六,五月,f,,,,,,,,11:30,,no,,,,五,,,
嫁娶-移徙-上梁-安葬-安床,纳采-开市-赴任-恩赦-修造,,,,history,20210626,历史均值,,63%,32,24,,,,,,,,十七,五月,f,,,,,,,,11:30,,no,,,,六,,,
栽种-斋醮-祈福-放水-纳畜,嫁娶-出行-移徙-纳财-入宅,,,,history,20210627,历史均值,,52%,32,25,,,,,,,,十八,五月,f,,,,,,,,11:30,,no,,,,日,,,
安床-破土-行丧-安葬-嫁娶,启鑽-修坟-修造-入宅-赴任,,,,history,20210628,历史均值,,47%,32,25,,,,,,,,十九,五月,f,,,,,,,,11:30,,no,,,,一,,,
祭祀-祈福-修造-动土-破土,启鑽-修坟-安葬-纳采-招赘,,,,history,20210629,历史均值,,43%,32,25,,,,,,,,二十,五月,f,,,,,,,,11:30,,no,,,,二,,,
修造-动土-祭祀-祈福-栽种,破土-启鑽-修坟-安葬-纳采,,,,history,20210630,历史均值,,50%,32,25,,,,,,,,廿一,五月,f,,,,,,,,11:30,,no,,,,三,,,
词讼-上梁-竖柱-安床-修造,斋醮-祈福-移徙-嫁娶-纳采,,,,history,20210701,历史均值,,40%,32,25,,,,,,,,廿二,五月,f,,,,,,,,11:30,,no,,,,四,,,建党节
开市-立券-纳财-出货-纳畜,祈福-嫁娶-修造-动土-赴任,,,,history,20210702,历史均值,,47%,33,25,,,,,,,,廿三,五月,f,,,,,,,,11:30,,no,,,,五,,,
斋醮-祈福-纳畜-上梁-竖柱,解除-求医-词讼-和讼-求嗣,,,,history,20210703,历史均值,,47%,33,25,,,,,,,,廿四,五月,f,,,,,,,,11:30,,no,,,,六,,,
移徙-入宅-安香-嫁娶-上梁,纳财-藏宝-斋醮-赴任-纳采,,,,history,20210704,历史均值,,43%,33,25,,,,,,,,廿五,五月,f,,,,,,,,11:30,,no,,,,日,,,
分居-安床-伐木-上梁-纳畜,嫁娶-移徙-纳财-入宅-开市,,,,history,20210705,历史均值,,47%,33,26,,,,,,,,廿六,五月,f,,,,,,,,11:30,,no,,,,一,,,
修坟-安葬-开市-立券-纳财,纳采-嫁娶-除服-祭祀-斋醮,,,,history,20210706,历史均值,,43%,33,26,,,,,,,,廿七,五月,f,,,,,,,,11:30,,no,,,,二,,,
开市-出行-求财-修造-经络,祈福-嫁娶-移徙-赴任-纳财,,,,history,20210707,历史均值,,50%,33,26,,,小暑,,,,,廿八,五月,f,,,,,,,,11:30,,no,,,,三,,,
盖屋-上梁-安床-造床-入殓,祭祀-祈福-纳采-赴任-嫁娶,,,,history,20210708,历史均值,,50%,33,26,,,,,,,,廿九,五月,f,,,,,,,,11:30,,no,,,,四,,,
栽种-开池-置产-修造-动土,赴任-盖屋-移徙-入宅-祭祀,,,,history,20210709,历史均值,,50%,33,26,,,,,,,,三十,五月,f,,,,,,,,11:30,,no,,,,五,,,
安床-移徙-上梁-安葬-破土,嫁娶-纳财-开市-作灶-招赘,,,,history,20210710,历史均值,,40%,33,26,,,,,,,,初一,六月,f,,,,,,,,11:30,,no,,,,六,,,
修造-动土-开仓-移徙-入宅,破土-启鑽-修坟-安葬-赴任,,,,history,20210711,历史均值,,43%,33,26,,,,,,,,初二,六月,f,,,,,,,,11:30,,no,,,,日,,,
祭祀-祈福-上梁-竖柱-安门,嫁娶-修坟-安葬-栽种-词讼,,,,history,20210712,历史均值,,47%,33,26,,,,,,,,初三,六月,f,,,,,,,,11:30,,no,,,,一,,,
移徙-入宅-安香-栽种-掘渠,纳采-嫁娶-招赘-纳婿-祈福,,,,history,20210713,历史均值,,43%,34,26,,,,,,,,初四,六月,f,,,,,,,,11:30,,no,,,,二,,,
词讼-安床-修造-动土-嫁娶,祈福-纳财-祭祀-斋醮-移徙,,,,history,20210714,历史均值,,40%,34,26,,,,,,,,初五,六月,f,,,,,,,,11:30,,no,,,,三,,,
开市-立券-纳财-分居-归宁,嫁娶-作灶-解除-求医-词讼,,,,history,20210715,历史均值,,30%,34,26,,,,,,,,初六,六月,f,,,,,,,,11:30,,no,,,,四,,,
开市-出行-求财-修造-祈福,斋醮-纳财-赴任-求嗣-栽种,,,,history,20210716,历史均值,,27%,34,26,,,,,,,,初七,六月,f,,,,,,,,11:30,,no,,,,五,,,
安床-伐木-上梁-纳畜-盖屋,祈福-嫁娶-修造-动土-出行,,,,history,20210717,历史均值,,30%,34,26,,,,,,,,初八,六月,f,,,,,,,,11:30,,no,,,,六,,,
安床-伐木-上梁-纳畜-嫁娶,纳财-藏宝-破土-启鑽-除服,,,,history,20210718,历史均值,,52%,33,26,,,,,,,,初九,六月,f,,,,,,,,11:30,,no,,,,日,,,
修坟-安葬-分居-移徙-入宅,嫁娶-祭祀-纳采-求嗣-解除,,,,history,20210719,历史均值,,43%,33,26,,,,,,,,初十,六月,f,,,,,,,,11:30,,no,,,,一,,,
栽种-开市-入宅-修造-安床,祈福-嫁娶-移徙-纳财-作灶,,,,history,20210720,历史均值,,47%,33,26,,,,,,,,十一,六月,f,,,,,,,,11:30,,no,,,,二,,,
经络-纳畜-入宅-动土-求医,破土-启鑽-修坟-安葬-斋醮,,,,history,20210721,历史均值,,37%,33,26,,,,,,,,十二,六月,f,,,,,,,,11:30,,no,,,初伏 第 1 天,三,,,
安床-破土-行丧-安葬-祭祀,嫁娶-出行-移徙-赴任-修坟,,,,history,20210722,历史均值,,27%,33,26,,,大暑,,,,,十三,六月,f,,,,,,,,11:30,,no,,,初伏 第 2 天,四,,,
修造-动土-开仓-嫁娶-纳采,破土-启鑽-修坟-安葬-招赘,,,,history,20210723,历史均值,,27%,33,26,,,,,,,,十四,六月,f,,,,,,,,11:30,,no,,,初伏 第 3 天,五,,,
祭祀-祈福-上梁-竖柱-安门,启鑽-修坟-安葬-招赘-纳婿,,,,history,20210724,历史均值,,30%,33,26,,,,,,,,十五,六月,f,,,,,,,,11:30,,no,,,初伏 第 4 天,六,,,
栽种-掘渠-放水-修造-动土,祈福-嫁娶-移徙-纳财-入宅,,,,history,20210725,历史均值,,57%,33,26,,,,,,,,十六,六月,f,,,,,,,,11:30,,no,,,初伏 第 5 天,日,,,
词讼-嫁娶-移徙-上梁-安葬,纳采-祈福-开市-盖屋-竖柱,,,,history,20210726,历史均值,,63%,33,26,,,,,,,,十七,六月,f,,,,,,,,11:30,,no,,,初伏 第 6 天,一,,,
开市-立券-纳财-分居-归宁,嫁娶-修造-动土-赴任-解除,,,,history,20210727,历史均值,,40%,33,26,,,,,,,,十八,六月,f,,,,,,,,11:30,,no,,,初伏 第 7 天,二,,,
移徙-入宅-安香-开市-出行,祭祀-赴任-求嗣-解除-纳财,,,,history,20210728,历史均值,,57%,33,26,,,,,,,,十九,六月,f,,,,,,,,11:30,,no,,,初伏 第 8 天,三,,,
安床-伐木-上梁-纳畜-解除,破土-启鑽-修坟-安葬-纳采,,,,history,20210729,历史均值,,40%,33,26,,,,,,,,二十,六月,f,,,,,,,,11:30,,no,,,初伏 第 9 天,四,,,
安床-伐木-上梁-纳畜-斋醮,嫁娶-移徙-纳财-入宅-开市,,,,history,20210730,历史均值,,52%,33,26,,,,,,,,廿一,六月,f,,,,,,,,11:30,,no,,,初伏 第 10 天,五,,,
修坟-安葬-分居-安床-造床,纳采-嫁娶-招赘-纳婿-斋醮,,,,history,20210731,历史均值,,60%,33,26,,,,,,,,廿二,六月,f,,,,,,,,11:30,,no,,,中伏 第 1 天,六,,,
栽种-开市-入宅-修造-置产,祈福-嫁娶-出行-移徙-赴任,,,,history,20210801,历史均值,,43%,33,26,,,,,,,,廿三,六月,f,,,,,,,,11:30,,no,,,中伏 第 2 天,日,,,建军节
经络-纳畜-入宅-动土-求医,破土-启鑽-修坟-安葬-纳采,,,,history,20210802,历史均值,,33%,33,26,,,,,,,,廿四,六月,f,,,,,,,,11:30,,no,,,中伏 第 3 天,一,,,
安床-嫁娶-移徙-上梁-安葬,修坟-招赘-纳婿-斋醮-赴任,,,,history,20210803,历史均值,,47%,33,26,,,,,,,,廿五,六月,f,,,,,,,,11:30,,no,,,中伏 第 4 天,二,,,
盖屋-修造-动土-开仓-移徙,祈福-嫁娶-纳财-开市-安床,,,,history,20210804,历史均值,,50%,33,26,,,,,,,,廿六,六月,f,,,,,,,,11:30,,no,,,中伏 第 5 天,三,,,
祭祀-祈福-上梁-竖柱-安门,启鑽-修坟-安葬-招赘-纳婿,,,,history,20210805,历史均值,,60%,33,26,,,,,,,,廿七,六月,f,,,,,,,,11:30,,no,,,中伏 第 6 天,四,,,
移徙-入宅-安香-破土-筑堤,祈福-嫁娶-出行-赴任-纳采,,,,history,20210806,历史均值,,50%,33,26,,,,,,,,廿八,六月,f,,,,,,,,11:30,,no,,,中伏 第 7 天,五,,,
词讼-安床-修造-动土-纳采,祈福-竖柱-纳财-祭祀-赴任,,,,history,20210807,历史均值,,60%,33,26,,,立秋,,,,,廿九,六月,f,,,,,,,,11:30,,no,,,中伏 第 8 天,六,,,
入宅-安门-词讼-移徙-上梁,祈福-嫁娶-纳财-开市-作灶,,,,history,20210808,历史均值,,60%,33,26,,,,,,,,初一,七月,f,,,,,,,,11:30,,no,,,中伏 第 9 天,日,,,
嫁娶-归宁-出行-纳畜-开市,纳采-修造-穿井-栽种-盖屋,,,,history,20210809,历史均值,,60%,33,26,,,,,,,,初二,七月,f,,,,,,,,11:30,,no,,,中伏 第 10 天,一,,,
冠笄-盖屋-祈福-纳采-嫁娶,解除-求医-词讼-和讼-破土,,,,history,20210810,历史均值,,57%,33,26,,,,,,,,初三,七月,f,,,,,,,,11:30,,no,,,末伏 第 1 天,二,,,
修造-动土-置产-破土-筑堤,祈福-嫁娶-出行-移徙-斋醮,,,,history,20210811,历史均值,,60%,33,26,,,,,,,,初四,七月,f,,,,,,,,11:30,,no,,,末伏 第 2 天,三,,,
栽种-斋醮-祈福-针灸-置产,嫁娶-移徙-纳财-入宅-开市,,,,history,20210812,历史均值,,50%,33,26,,,,,,,,初五,七月,f,,,,,,,,11:30,,no,,,末伏 第 3 天,四,,,
修坟-安葬-安床-伐木-上梁,嫁娶-纳财-作灶-藏宝-纳采,,,,history,20210813,历史均值,,47%,33,26,,,,,,,,初六,七月,f,,,,,,,,11:30,,no,,,末伏 第 4 天,五,,,
分居-安床-伐木-上梁-纳畜,启鑽-修坟-嫁娶-招赘-纳婿,,,,history,20210814,历史均值,七夕节,57%,33,26,,,,,,,,初七,七月,f,,,,,,,,11:30,,no,,,末伏 第 5 天,六,,,
移徙-入宅-安香-修造-动土,破土-启鑽-修坟-安葬-纳采,,,,history,20210815,历史均值,,60%,33,26,,,,,,,,初八,七月,f,,,,,,,,11:30,,no,,,末伏 第 6 天,日,,,
移徙-上梁-安葬-经络-盖屋,嫁娶-出行-修坟-祭祀-斋醮,,,,history,20210816,历史均值,,47%,33,25,,,,,,,,初九,七月,f,,,,,,,,11:30,,no,,,末伏 第 7 天,一,,,
开市-立券-纳财-分居-斋醮,嫁娶-移徙-作灶-修坟-修造,,,,history,20210817,历史均值,,57%,33,25,,,,,,,,初十,七月,f,,,,,,,,11:30,,no,,,末伏 第 8 天,二,,,
经络-安床-开市-出行-求财,嫁娶-作灶-栽种-纳采-斋醮,,,,history,20210818,历史均值,,52%,33,25,,,,,,,,十一,七月,f,,,,,,,,11:30,,no,,,末伏 第 9 天,三,,,
斋醮-祈福-上梁-竖柱-栽种,祭祀-纳采-赴任-嫁娶-求嗣,,,,history,20210819,历史均值,,52%,33,25,,,,,,,,十二,七月,f,,,,,,,,11:30,,no,,,末伏 第 10 天,四,,,
词讼-安床-修造-动土-嫁娶,斋醮-祈福-祭祀-求嗣-入宅,,,,history,20210820,历史均值,,50%,33,25,,,,,,,,十三,七月,f,,,,,,,,11:30,,no,,,,五,,,
归宁-出行-纳畜-开市-立券,祈福-嫁娶-修造-动土-赴任,,,,history,20210821,历史均值,,52%,33,25,,,,,,,,十四,七月,f,,,,,,,,11:30,,no,,,,六,,,
冠笄-盖屋-祈福-纳采-入宅,嫁娶-纳财-开市-作灶-启鑽,,,,history,20210822,历史均值,中元节,63%,33,25,,,,,,,,十五,七月,f,,,,,,,,11:30,,no,,,,日,,,
修造-动土-置产-破土-筑堤,祈福-嫁娶-移徙-纳财-开市,,,,history,20210823,历史均值,,57%,33,25,,,处暑,,,,,十六,七月,f,,,,,,,,11:30,,no,,,,一,,,
移徙-入宅-安香-栽种-嫁娶,修造-盖屋-开市-纳采-求嗣,,,,history,20210824,历史均值,,43%,33,25,,,,,,,,十七,七月,f,,,,,,,,11:30,,no,,,,二,,,
修坟-安葬-安床-伐木-上梁,纳财-藏宝-纳采-嫁娶-招赘,,,,history,20210825,历史均值,,67%,33,25,,,,,,,,十八,七月,f,,,,,,,,11:30,,no,,,,三,,,
分居-安床-伐木-上梁-纳畜,祈福-嫁娶-修造-出行-移徙,,,,history,20210826,历史均值,,57%,33,25,,,,,,,,十九,七月,f,,,,,,,,11:30,,no,,,,四,,,
盖屋-修造-动土-开仓-针灸,祈福-嫁娶-纳财-开市-安床,,,,history,20210827,历史均值,,43%,32,25,,,,,,,,二十,七月,f,,,,,,,,11:30,,no,,,,五,,,
经络-入宅-修造-动土-置产,嫁娶-移徙-纳财-开市-安床,,,,history,20210828,历史均值,,50%,32,25,,,,,,,,廿一,七月,f,,,,,,,,11:30,,no,,,,六,,,
开市-立券-纳财-分居-斋醮,修坟-修造-移徙-求嗣-竖柱,,,,history,20210829,历史均值,,57%,32,25,,,,,,,,廿二,七月,f,,,,,,,,11:30,,no,,,,日,,,
安床-开市-出行-求财-修造,栽种-纳采-斋醮-求嗣-竖柱,,,,history,20210830,历史均值,,50%,32,25,,,,,,,,廿三,七月,f,,,,,,,,11:30,,no,,,,一,,,
上梁-竖柱-栽种-掘渠-放水,祈福-嫁娶-动土-出行-赴任,,,,history,20210831,历史均值,,57%,32,25,,,,,,,,廿四,七月,f,,,,,,,,11:30,,no,,,,二,,,
词讼-移徙-上梁-安葬-安床,祈福-嫁娶-纳财-入宅-开市,,,,history,20210901,历史均值,,50%,32,25,,,,,,,,廿五,七月,f,,,,,,,,11:30,,no,,,,三,,,
移徙-入宅-安香-归宁-出行,祈福-嫁娶-安床-作灶-纳采,,,,history,20210902,历史均值,,63%,32,25,,,,,,,,廿六,七月,f,,,,,,,,11:30,,no,,,,四,,,
斋醮-祈福-冠笄-盖屋-纳采,解除-求医-词讼-和讼-破土,,,,history,20210903,历史均值,,60%,32,24,,,,,,,,廿七,七月,f,,,,,,,,11:30,,no,,,,五,,,抗日纪念日
修造-动土-置产-破土-筑堤,斋醮-赴任-启鑽-除服-安葬,,,,history,20210904,历史均值,,57%,32,24,,,,,,,,廿八,七月,f,,,,,,,,11:30,,no,,,,六,,,
栽种-斋醮-祈福-针灸-入宅,嫁娶-修造-动土-赴任-纳采,,,,history,20210905,历史均值,,57%,31,24,,,,,,,,廿九,七月,f,,,,,,,,11:30,,no,,,,日,,,
修坟-安葬-安床-伐木-上梁,嫁娶-移徙-纳财-入宅-作灶,,,,history,20210906,历史均值,,63%,31,24,,,,,,,,三十,七月,f,,,,,,,,11:30,,no,,,,一,,,
修坟-安葬-开市-立券-纳财,纳采-招赘-纳婿-斋醮-祈福,,,,history,20210907,历史均值,,43%,31,24,,,白露,,,,,初一,八月,f,,,,,,,,11:30,,no,,,,二,,,
开市-出行-求财-修造-纳畜,纳财-藏宝-纳采-嫁娶-求嗣,,,,history,20210908,历史均值,,30%,31,24,,,,,,,,初二,八月,f,,,,,,,,11:30,,no,,,,三,,,
分居-斋醮-祈福-放水-纳畜,嫁娶-纳财-开市-安床-作灶,,,,history,20210909,历史均值,,43%,31,24,,,,,,,,初三,八月,f,,,,,,,,11:30,,no,,,,四,,,
置产-修造-动土-行舟-破土,嫁娶-出行-移徙-修坟-入宅,,,,history,20210910,历史均值,,47%,31,24,,,,,,,,初四,八月,f,,,,,,,,11:30,,no,,,,五,,,教师节
移徙-入宅-安香-安床-经络,修造-赴任-祭祀-斋醮-祈福,,,,history,20210911,历史均值,,43%,31,23,,,,,,,,初五,八月,f,,,,,,,,11:30,,no,,,,六,,,
祭祀-祈福-修造-动土-破土,嫁娶-入宅-安床-作灶-出行,,,,history,20210912,历史均值,,60%,31,23,,,,,,,,初六,八月,f,,,,,,,,11:30,,no,,,,日,,,
栽种-掘渠-放水-求医-赴任,嫁娶-修造-出行-动土-词讼,,,,history,20210913,历史均值,,52%,30,23,,,,,,,,初七,八月,f,,,,,,,,11:30,,no,,,,一,,,
词讼-上梁-竖柱-安床-修造,祈福-嫁娶-移徙-纳财-入宅,,,,history,20210914,历史均值,,60%,30,23,,,,,,,,初八,八月,f,,,,,,,,11:30,,no,,,,二,,,
破土-筑堤-放水-归宁-出行,祈福-嫁娶-修造-动土-赴任,,,,history,20210915,历史均值,,47%,30,23,,,,,,,,初九,八月,f,,,,,,,,11:30,,no,,,,三,,,
栽种-祭祀-祈福-上梁-竖柱,破土-启鑽-除服-斋醮-纳财,,,,history,20210916,历史均值,,50%,30,23,,,,,,,,初十,八月,f,,,,,,,,11:30,,no,,,,四,,,
移徙-入宅-安香-冠笄-盖屋,纳采-嫁娶-招赘-纳婿-祭祀,,,,history,20210917,历史均值,,33%,30,23,,,,,,,,十一,八月,f,,,,,,,,11:30,,no,,,,五,,,
安床-伐木-上梁-纳畜-斋醮,纳采-嫁娶-招赘-纳婿-出行,,,,history,20210918,历史均值,,27%,30,22,,,,,,,,十二,八月,f,,,,,,,,11:30,,no,,,,六,,,
修坟-安葬-开市-立券-纳财,嫁娶-移徙-作灶-祭祀-求嗣,,,,history,20210919,历史均值,,43%,30,22,200.0,,,,,,,十三,八月,f,,,,,,,,11:30,,no,,,,日,,,
开市-出行-求财-修造-纳畜,祈福-嫁娶-移徙-赴任-启鑽,,,,history,20210920,历史均值,,37%,29,22,200.0,,,,,,,十四,八月,f,,,,,,,,11:30,,no,,,,一,,,
分居-斋醮-祈福-放水-纳畜,破土-启鑽-修坟-安葬-纳采,,,,history,20210921,历史均值,中秋节,40%,29,22,200.0,,,,,,,十五,八月,f,,,,,,,,11:30,,no,,,,二,,,
开池-置产-修造-动土-行舟,修坟-赴任-祭祀-移徙-纳财,,,,history,20210922,历史均值,,43%,29,22,,,,,,,,十六,八月,f,,,,,,,,11:30,,no,,,,三,,,
安床-嫁娶-移徙-上梁-安葬,修造-赴任-祭祀-斋醮-祈福,,,,history,20210923,历史均值,,47%,29,22,,,秋分,,,,,十七,八月,f,,,,,,,,11:30,,no,,,,四,,,
祭祀-祈福-修造-动土-破土,嫁娶-安床-作灶-出行-栽种,,,,history,20210924,历史均值,,40%,29,21,,,,,,,,十八,八月,f,,,,,,,,11:30,,no,,,,五,,,
栽种-掘渠-放水-求医-赴任,祈福-嫁娶-修造-动土-出行,,,,history,20210925,历史均值,,33%,29,21,,,,,,,,十九,八月,f,,,,,,,,11:30,,no,,,,六,,,
移徙-入宅-安香-词讼-上梁,纳采-嫁娶-招赘-纳婿-盖屋,,,,history,20210926,历史均值,,27%,29,21,,,,,,,,二十,八月,f,,,,,,,,11:30,,no,,,,日,,,
归宁-出行-安床-造床-开市,祈福-嫁娶-作灶-破土-启鑽,,,,history,20210927,历史均值,,27%,29,21,,,,,,,,廿一,八月,f,,,,,,,,11:30,,no,,,,一,,,
栽种-祭祀-祈福-上梁-竖柱,破土-启鑽-修坟-斋醮-纳财,,,,history,20210928,历史均值,,33%,28,21,,,,,,,,廿二,八月,f,,,,,,,,11:30,,no,,,,二,,,
冠笄-盖屋-开仓-纳畜-置产,祈福-嫁娶-移徙-纳财-入宅,,,,history,20210929,历史均值,,43%,28,21,,,,,,,,廿三,八月,f,,,,,,,,11:30,,no,,,,三,,,
安床-伐木-上梁-纳畜-斋醮,嫁娶-修造-动土-出行-移徙,,,,history,20210930,历史均值,,40%,28,20,,,,,,,,廿四,八月,f,,,,,,,,11:30,,no,,,,四,,,
修坟-安葬-开市-立券-纳财,纳采-招赘-纳婿-斋醮-祈福,,,,history,20211001,历史均值,,27%,28,20,200.0,,,,,,,廿五,八月,f,,,,,,,,11:30,,no,,,,五,,,国庆节
开市-出行-求财-修造-纳畜,启鑽-修坟-纳财-藏宝-纳采,,,,history,20211002,历史均值,,30%,28,20,200.0,,,,,,,廿六,八月,f,,,,,,,,11:30,,no,,,,六,,,
分居-斋醮-祈福-放水-纳畜,破土-启鑽-修坟-安葬-纳采,,,,history,20211003,历史均值,,43%,28,20,200.0,,,,,,,廿七,八月,f,,,,,,,,11:30,,no,,,,日,,,
修造-动土-置产-破土-筑堤,嫁娶-移徙-纳财-入宅-开市,,,,history,20211004,历史均值,,37%,28,20,200.0,,,,,,,廿八,八月,f,,,,,,,,11:30,,no,,,,一,,,
移徙-入宅-安香-安床-经络,祈福-嫁娶-修造-动土-出行,,,,history,20211005,历史均值,,37%,27,20,200.0,,,,,,,廿九,八月,f,,,,,,,,11:30,,no,,,,二,,,
盖屋-嫁娶-移徙-上梁-安葬,入宅-赴任-开市-立券-纳财,,,,history,20211006,历史均值,,52%,27,20,200.0,,,,,,,初一,九月,f,,,,,,,,11:30,,no,,,,三,,,老年节
嫁娶-归宁-出行-经络-祭祀,栽种-词讼-斋醮-求嗣-解除,,,,history,20211007,历史均值,,40%,27,19,200.0,,,,,,,初二,九月,f,,,,,,,,11:30,,no,,,,四,,,
上梁-竖柱-祭祀-祈福-栽种,斋醮-求嗣-求财-赴任-解除,,,,history,20211008,历史均值,,33%,27,19,,,寒露,,,,,初三,九月,f,,,,,,,,11:30,,no,,,,五,,,
开市-立券-纳财-分居-栽种,破土-启鑽-除服-安葬-祈福,,,,history,20211009,历史均值,,23%,27,19,,,,,,,,初四,九月,f,,,,,,,,11:30,,no,,,,六,,,
开仓-开市-立券-纳财-出货,祈福-嫁娶-修造-动土-赴任,,,,history,20211010,历史均值,,23%,27,19,,,,,,,,初五,九月,f,,,,,,,,11:30,,no,,,,日,,,
开市-出行-求财-修造-动土,招赘-纳婿-解除-词讼-和讼,,,,history,20211011,历史均值,,17%,27,19,,,,,,,,初六,九月,f,,,,,,,,11:30,,no,,,,一,,,
安床-伐木-上梁-纳畜-修造,纳采-嫁娶-招赘-纳婿-赴任,,,,history,20211012,历史均值,,23%,27,19,,,,,,,,初七,九月,f,,,,,,,,11:30,,no,,,,二,,,
安床-伐木-上梁-纳畜-斋醮,破土-启鑽-修坟-安葬-纳采,,,,history,20211013,历史均值,,27%,26,19,,,,,,,,初八,九月,f,,,,,,,,11:30,,no,,,,三,,,
修坟-安葬-移徙-入宅-安香,捕捉-栽种-祭祀-入学-纳财,,,,history,20211014,历史均值,重阳节,27%,26,18,,,,,,,,初九,九月,f,,,,,,,,11:30,,no,,,,四,,,
盖屋-上梁-开市-入宅-修造,祈福-嫁娶-出行-移徙-赴任,,,,history,20211015,历史均值,,20%,26,18,,,,,,,,初十,九月,f,,,,,,,,11:30,,no,,,,五,,,
针灸-开市-立券-经络-纳畜,修坟-纳财-藏宝-赴任-纳采,,,,history,20211016,历史均值,,33%,26,18,,,,,,,,十一,九月,f,,,,,,,,11:30,,no,,,,六,,,
分居-经络-安床-破土-行丧,祭祀-斋醮-移徙-赴任-出行,,,,history,20211017,历史均值,,30%,26,18,,,,,,,,十二,九月,f,,,,,,,,11:30,,no,,,,日,,,
斋醮-祈福-修造-动土-置产,入宅-赴任-开市-立券-纳财,,,,history,20211018,历史均值,,33%,26,18,,,,,,,,十三,九月,f,,,,,,,,11:30,,no,,,,一,,,
嫁娶-归宁-出行-经络-安葬,栽种-词讼-启鑽-除服-斋醮,,,,history,20211019,历史均值,,20%,26,18,,,,,,,,十四,九月,f,,,,,,,,11:30,,no,,,,二,,,
破土-筑堤-放水-上梁-竖柱,嫁娶-修造-动土-出行-移徙,,,,history,20211020,历史均值,,27%,25,17,,,,,,,,十五,九月,f,,,,,,,,11:30,,no,,,,三,,,
开市-立券-纳财-分居-栽种,破土-启鑽-修坟-安葬-除服,,,,history,20211021,历史均值,,27%,25,17,,,,,,,,十六,九月,f,,,,,,,,11:30,,no,,,,四,,,
嫁娶-移徙-上梁-安葬-开仓,破土-启鑽-修坟-纳采-招赘,,,,history,20211022,历史均值,,27%,25,17,,,,,,,,十七,九月,f,,,,,,,,11:30,,no,,,,五,,,
移徙-入宅-安香-斋醮-祈福,解除-词讼-和讼-祭祀-求嗣,,,,history,20211023,历史均值,,23%,25,17,,,霜降,,,,,十八,九月,f,,,,,,,,11:30,,no,,,,六,,,
安床-伐木-上梁-纳畜-修造,赴任-祭祀-求嗣-嫁娶-行丧,,,,history,20211024,历史均值,,20%,25,17,,,,,,,,十九,九月,f,,,,,,,,11:30,,no,,,,日,,,联合国日
安床-伐木-上梁-纳畜-斋醮,嫁娶-修造-动土-出行-移徙,,,,history,20211025,历史均值,,33%,25,17,,,,,,,,二十,九月,f,,,,,,,,11:30,,no,,,,一,,,
盖屋-修坟-安葬-修造-造桥,移徙-捕捉-栽种-祭祀-入学,,,,history,20211026,历史均值,,37%,25,17,,,,,,,,廿一,九月,f,,,,,,,,11:30,,no,,,,二,,,
开市-入宅-修造-赴任-嫁娶,启鑽-修坟-盖屋-纳采-求嗣,,,,history,20211027,历史均值,,33%,24,16,,,,,,,,廿二,九月,f,,,,,,,,11:30,,no,,,,三,,,
针灸-开市-立券-经络-纳畜,修坟-纳财-藏宝-赴任-祈福,,,,history,20211028,历史均值,,30%,24,16,,,,,,,,廿三,九月,f,,,,,,,,11:30,,no,,,,四,,,
分居-安床-破土-行丧-安葬,祭祀-斋醮-移徙-纳财-栽种,,,,history,20211029,历史均值,,27%,24,16,,,,,,,,廿四,九月,f,,,,,,,,11:30,,no,,,,五,,,
移徙-上梁-安葬-纳采-开市,祈福-嫁娶-赴任-纳财-安床,,,,history,20211030,历史均值,,17%,24,16,,,,,,,,廿五,九月,f,,,,,,,,11:30,,no,,,,六,,,
嫁娶-归宁-出行-经络-祭祀,栽种-词讼-启鑽-除服-安葬,,,,history,20211031,历史均值,,30%,24,16,,,,,,,,廿六,九月,f,,,,,,,,11:30,,no,,,,日,,,
移徙-入宅-安香-上梁-竖柱,斋醮-求嗣-求财-解除-修造,,,,history,20211101,历史均值,,30%,24,15,,,,,,,,廿七,九月,f,,,,,,,,18:00,,no,,,,一,,,
开市-立券-纳财-分居-栽种,破土-启鑽-除服-安葬-祈福,,,,history,20211102,历史均值,,23%,23,15,,,,,,,,廿八,九月,f,,,,,,,,18:00,,no,,,,二,,,
开仓-开市-立券-纳财-出货,安葬-破土-启鑽-除服-斋醮,,,,history,20211103,历史均值,,17%,23,15,,,,,,,,廿九,九月,f,,,,,,,,18:00,,no,,,,三,,,
开市-出行-求财-修造-动土,嫁娶-纳财-作灶-解除-词讼,,,,history,20211104,历史均值,,10%,23,15,,,,,,,,三十,九月,f,,,,,,,,18:00,,no,,,,四,,,
斋醮-祈福-嫁娶-移徙-上梁,祭祀-赴任-立券-求财-求医,,,,history,20211105,历史均值,,30%,23,15,,,,,,,,初一,十月,f,,,,,,,,18:00,,no,,,,五,,,
安床-造床-开仓-纳畜-行舟,祭祀-祈福-纳采-赴任-嫁娶,,,,history,20211106,历史均值,,43%,23,15,,,,,,,,初二,十月,f,,,,,,,,18:00,,no,,,,六,,,
入宅-安门-斋醮-祈福-动土,嫁娶-移徙-纳财-开市-安床,,,,history,20211107,历史均值,,43%,22,14,,,立冬,,,,,初三,十月,f,,,,,,,,18:00,,no,,,,日,,,
修坟-安葬-安床-伐木-上梁,祈福-嫁娶-纳财-作灶-纳采,,,,history,20211108,历史均值,,40%,22,14,,,,,,,,初四,十月,f,,,,,,,,18:00,,no,,,,一,,,
安床-伐木-上梁-纳畜-开市,祈福-嫁娶-修造-移徙-赴任,,,,history,20211109,历史均值,,47%,22,14,,,,,,,,初五,十月,f,,,,,,,,18:00,,no,,,,二,,,
移徙-入宅-安香-开仓-针灸,斋醮-赴任-修造-开市-纳采,,,,history,20211110,历史均值,,30%,22,14,,,,,,,,初六,十月,f,,,,,,,,18:00,,no,,,,三,,,
开市-立券-纳财-分居-斋醮,藏宝-嫁娶-移徙-栽种-恩赦,,,,history,20211111,历史均值,,27%,22,14,,,,,,,,初七,十月,f,,,,,,,,18:00,,no,,,,四,,,
分居-斋醮-祈福-纳采,嫁娶-移徙-纳财-入宅-开市,,,,history,20211112,历史均值,,30%,21,13,,,,,,,,初八,十月,f,,,,,,,,18:00,,no,,,,五,,,
栽种-安床-归宁-出行-移徙,嫁娶-作灶-纳采-求嗣-解除,,,,history,20211113,历史均值,,37%,21,13,,,,,,,,初九,十月,f,,,,,,,,18:00,,no,,,,六,,,
上梁-竖柱-经络-栽种-掘渠,祈福-嫁娶-动土-出行-赴任,,,,history,20211114,历史均值,,30%,21,13,,,,,,,,初十,十月,f,,,,,,,,18:00,,no,,,,日,,,
入宅-安门-词讼-安床-修造,纳采-嫁娶-招赘-纳婿-除服,,,,history,20211115,历史均值,,37%,21,13,,,,,,,,十一,十月,f,,,,,,,,18:00,,no,,,,一,,,
移徙-入宅-安香-修造-动土,纳采-嫁娶-招赘-纳婿-解除,,,,history,20211116,历史均值,,43%,20,13,,,,,,,,十二,十月,f,,,,,,,,18:00,,no,,,,二,,,
斋醮-祈福-纳采-入宅-安门,嫁娶-纳财-开市-作灶-招赘,,,,history,20211117,历史均值,,52%,20,13,,,,,,,,十三,十月,f,,,,,,,,18:00,,no,,,,三,,,
安床-造床-开仓-纳畜-移徙,祈福-嫁娶-纳财-开市-破土,,,,history,20211118,历史均值,,40%,20,12,,,,,,,,十四,十月,f,,,,,,,,18:00,,no,,,,四,,,
斋醮-祈福-动土-求医-赴任,嫁娶-出行-移徙-破土-启鑽,,,,history,20211119,历史均值,,37%,20,12,,,,,,,,十五,十月,f,,,,,,,,18:00,,no,,,,五,,,
修坟-安葬-安床-伐木-上梁,纳采-嫁娶-祭祀-斋醮-祈福,,,,history,20211120,历史均值,,30%,19,12,,,,,,,,十六,十月,f,,,,,,,,18:00,,no,,,,六,,,
安床-伐木-上梁-纳畜-嫁娶,启鑽-修坟-祭祀-斋醮-祈福,,,,history,20211121,历史均值,,40%,19,12,,,,,,,,十七,十月,f,,,,,,,,18:00,,no,,,,日,,,
盖屋-开仓-针灸-纳畜-置产,祈福-嫁娶-纳财-开市-安床,,,,history,20211122,历史均值,,30%,19,12,,,小雪,,,,,十八,十月,f,,,,,,,,18:00,,no,,,,一,,,
开市-立券-纳财-分居-斋醮,嫁娶-作灶-藏宝-赴任-栽种,,,,history,20211123,历史均值,,27%,19,11,,,,,,,,十九,十月,f,,,,,,,,18:00,,no,,,,二,,,
分居-开池-置产-修造-动土,祈福-嫁娶-出行-移徙-赴任,,,,history,20211124,历史均值,,13%,19,11,,,,,,,,二十,十月,f,,,,,,,,18:00,,no,,,,三,,,
移徙-入宅-安香-栽种-安床,纳采-开仓-牧养-裁衣-经络,,,,history,20211125,历史均值,,27%,18,11,,,,,,,,廿一,十月,f,,,,,,,,18:00,,no,,,,四,,,
破土-筑堤-放水-上梁-竖柱,启鑽-修坟-安葬-移徙-纳采,,,,history,20211126,历史均值,,27%,18,11,,,,,,,,廿二,十月,f,,,,,,,,18:00,,no,,,,五,,,
词讼-安床-修造-动土-入殓,祈福-嫁娶-纳财-开市-作灶,,,,history,20211127,历史均值,,37%,18,11,,,,,,,,廿三,十月,f,,,,,,,,18:00,,no,,,,六,,,
修造-动土-置产-破土-筑堤,祈福-嫁娶-安床-作灶-纳采,,,,history,20211128,历史均值,,37%,18,10,,,,,,,,廿四,十月,f,,,,,,,,18:00,,no,,,,日,,,
移徙-上梁-安葬-祈福-纳采,嫁娶-赴任-招赘-纳婿-祭祀,,,,history,20211129,历史均值,,43%,18,10,,,,,,,,廿五,十月,f,,,,,,,,18:00,,no,,,,一,,,
安床-造床-开仓-纳畜-破土,启鑽-修坟-纳采-嫁娶-招赘,,,,history,20211130,历史均值,,33%,17,10,,,,,,,,廿六,十月,f,,,,,,,,18:00,,no,,,,二,,,
斋醮-祈福-动土-求医-赴任,破土-启鑽-修坟-安葬-祭祀,,,,history,20211201,历史均值,,23%,17,10,,,,,,,,廿七,十月,f,,,,,,,,18:00,,no,,,,三,,,
修坟-安葬-安床-伐木-上梁,祈福-嫁娶-纳财-作灶-纳采,,,,history,20211202,历史均值,,27%,17,10,,,,,,,,廿八,十月,f,,,,,,,,18:00,,no,,,,四,,,
安床-伐木-上梁-纳畜-竖柱,祈福-嫁娶-移徙-纳财-启鑽,,,,history,20211203,历史均值,,33%,17,9,,,,,,,,廿九,十月,f,,,,,,,,18:00,,no,,,,五,,,
移徙-入宅-安香-上梁-安葬,祈福-嫁娶-纳采-求嗣-斋醮,,,,history,20211204,历史均值,,27%,17,9,,,,,,,,初一,十一月,f,,,,,,,,18:00,,no,,,,六,,,
盖屋-上梁-针灸-解除-求医,祈福-嫁娶-纳财-开市-安床,,,,history,20211205,历史均值,,27%,17,9,,,,,,,,初二,十一月,f,,,,,,,,18:00,,no,,,,日,,,
栽种-修造-动土-置产-破土,赴任-盖屋-入宅-开市-嫁娶,,,,history,20211206,历史均值,,13%,17,9,,,,,,,,初三,十一月,f,,,,,,,,18:00,,no,,,,一,,,
安床-斋醮-祈福-破土-行丧,纳财-藏宝-招赘-纳婿-修造,,,,history,20211207,历史均值,,23%,16,9,,,大雪,,,,,初四,十一月,f,,,,,,,,18:00,,no,,,,二,,,
分居-嫁娶-归宁-出行-祭祀,纳采-招赘-纳婿-栽种-斋醮,,,,history,20211208,历史均值,,23%,16,8,,,,,,,,初五,十一月,f,,,,,,,,18:00,,no,,,,三,,,
破土-筑堤-放水-修造-动土,祈福-嫁娶-出行-移徙-赴任,,,,history,20211209,历史均值,,27%,16,8,,,,,,,,初六,十一月,f,,,,,,,,18:00,,no,,,,四,,,
词讼-上梁-竖柱-经络-安床,祈福-嫁娶-移徙-纳财-开市,,,,history,20211210,历史均值,,27%,16,8,,,,,,,,初七,十一月,f,,,,,,,,18:00,,no,,,,五,,,
开市-立券-纳财-出货-入殓,祈福-嫁娶-安床-作灶-祭祀,,,,history,20211211,历史均值,,17%,16,8,,,,,,,,初八,十一月,f,,,,,,,,18:00,,no,,,,六,,,
嫁娶-移徙-上梁-安葬-竖柱,破土-启鑽-修坟-解除-求医,,,,history,20211212,历史均值,,20%,16,8,,,,,,,,初九,十一月,f,,,,,,,,18:00,,no,,,,日,,,
移徙-入宅-安香-开市-立券,修坟-斋醮-赴任-祭祀-祈福,,,,history,20211213,历史均值,,27%,16,8,,,,,,,,初十,十一月,f,,,,,,,,18:00,,no,,,,一,,,
开市-立券-纳财-分居-安床,嫁娶-出行-移徙-赴任-作灶,,,,history,20211214,历史均值,,27%,16,8,,,,,,,,十一,十一月,f,,,,,,,,18:00,,no,,,,二,,,
修坟-安葬-安床-伐木-上梁,嫁娶-移徙-纳财-入宅-作灶,,,,history,20211215,历史均值,,23%,16,7,,,,,,,,十二,十一月,f,,,,,,,,18:00,,no,,,,三,,,
经络-开市-出行-求财-修造,纳采-嫁娶-求嗣-祭祀-祈福,,,,history,20211216,历史均值,,27%,16,7,,,,,,,,十三,十一月,f,,,,,,,,18:00,,no,,,,四,,,
针灸-解除-求医-入宅-分居,纳采-嫁娶-开市-赴任-恩赦,,,,history,20211217,历史均值,,27%,16,7,,,,,,,,十四,十一月,f,,,,,,,,18:00,,no,,,,五,,,
栽种-斋醮-祈福-修造-动土,赴任-盖屋-入宅-开市-嫁娶,,,,history,20211218,历史均值,,33%,16,7,,,,,,,,十五,十一月,f,,,,,,,,18:00,,no,,,,六,,,
安床-斋醮-祈福-破土-行丧,嫁娶-修造-动土-出行-移徙,,,,history,20211219,历史均值,,37%,16,7,,,,,,,,十六,十一月,f,,,,,,,,18:00,,no,,,,日,,,
分居-归宁-出行-移徙-上梁,嫁娶-安床-作灶-启鑽-修坟,,,,history,20211220,历史均值,,30%,15,7,,,,,,,,十七,十一月,f,,,,,,,,18:00,,no,,,,一,,,
修造-动土-纳畜-栽种-掘渠,破土-启鑽-修坟-安葬-祭祀,,,,history,20211221,历史均值,,27%,15,7,,,冬至,,,,,十八,十一月,f,,,,,,,,18:00,,no,,,一九 第 1 天,二,,,
移徙-入宅-安香-词讼-上梁,纳采-嫁娶-招赘-纳婿-祈福,,,,history,20211222,历史均值,,23%,15,7,,,,,,,,十九,十一月,f,,,,,,,,18:00,,no,,,一九 第 2 天,三,,,
开市-立券-纳财-出货-入殓,祈福-嫁娶-安床-作灶-纳采,,,,history,20211223,历史均值,,27%,15,7,,,,,,,,二十,十一月,f,,,,,,,,18:00,,no,,,一九 第 3 天,四,,,
斋醮-祈福-上梁-竖柱-安门,嫁娶-赴任-破土-启鑽-修坟,,,,history,20211224,历史均值,,23%,15,7,,,,,,,,廿一,十一月,f,,,,,,,,18:00,,no,,,一九 第 4 天,五,,,
开市-立券-经络-纳畜-破土,祈福-嫁娶-移徙-纳财-入宅,,,,history,20211225,历史均值,,33%,15,7,,,,,,,,廿二,十一月,f,,,,,,,,18:00,,no,,,一九 第 5 天,六,,,圣诞节
开市-立券-纳财-分居-安床,嫁娶-移徙-作灶-启鑽-修坟,,,,history,20211226,历史均值,,30%,15,7,,,,,,,,廿三,十一月,f,,,,,,,,18:00,,no,,,一九 第 6 天,日,,,
修坟-安葬-安床-伐木-上梁,移徙-入宅-纳采-嫁娶-斋醮,,,,history,20211227,历史均值,,20%,15,6,,,,,,,,廿四,十一月,f,,,,,,,,18:00,,no,,,一九 第 7 天,一,,,
入宅-安门-嫁娶-移徙-上梁,纳采-求嗣-祈福-斋醮-纳财,,,,history,20211228,历史均值,,30%,15,6,,,,,,,,廿五,十一月,f,,,,,,,,18:00,,no,,,一九 第 8 天,二,,,
针灸-解除-求医-入宅-分居,祈福-嫁娶-修造-赴任-斋醮,,,,history,20211229,历史均值,,23%,15,6,,,,,,,,廿六,十一月,f,,,,,,,,18:00,,no,,,一九 第 9 天,三,,,
栽种-安葬-置产-修造-动土,嫁娶-移徙-纳财-入宅-开市,,,,history,20211230,历史均值,,30%,15,6,,,,,,,,廿七,十一月,f,,,,,,,,18:00,,no,,,二九 第 1 天,四,,,
移徙-入宅-安香-安床-斋醮,纳财-藏宝-修造-赴任-开市,,,,history,20211231,历史均值,,27%,15,6,,,,,,,,廿八,十一月,f,,,,,,,,18:00,,no,,,二九 第 2 天,五,,,
